file_id,file_name,agreement_rate,overall_confidence,text_source,rescued_text_path,policy_name,policy_type,gov_level,policy_intensity,policy_tone,regulatory_stringency,policy_objective_level,issuing_authority,policy_tools,pollutant_types,target_industries,implementation_mechanism,referenced_policies,quantitative_targets,innovation_points,penalty_provisions,vertical_coordination,n_tools,n_pollutants,n_industries,n_impl,n_refs,n_targets,has_penalty,has_vertical_coordination,relative_path,inferred_year,inferred_level,inferred_doc_family,page_count,char_count,doc_family_cn,rescue_flag,tool_命令控制型,tool_信息公开型,tool_经济激励型,tool_市场机制型,tool_自愿型
01,01_大气污染防治行动计划_2013_国务院.pdf,0.685,0.685,pdfplumber,,大气污染防治行动计划,行政法规,中央,强制性,严厉,5,结果型,国务院,"[""命令控制型"", ""经济激励型"", ""市场机制型"", ""信息公开型"", ""自愿型""]","[""大气污染物""]","[""电力"", ""钢铁"", ""水泥"", ""化工"", ""石化"", ""交通运输"", ""建筑施工"", ""工业"", ""有色金属冶炼""]","[""环评审批"", ""总量控制"", ""目标责任考核"", ""区域联防联控"", ""排污许可""]","[""部分工业行业淘汰落后生产工艺装备和产品指导目录（2010年本）"", ""产业结构调整指导目录（2011年本）（修正）"", ""中华人民共和国大气污染防治法"", ""中华人民共和国环境保护法""]","[""北京市PM2.5年均浓度控制在60微克/立方米左右""]","""首次以国务院文件形式出台大气污染防治综合性行动计划；建立京津冀、长三角区域大气污染防治协作机制；设立大气污染防治专项资金实施“以奖代补”；将重点区域的细颗粒物指标、非重点地区的可吸入颗粒物指标作为经济社会发展的约束性指标。""",对偷排偷放、屡查屡犯的违法企业，要依法停产关闭。对涉嫌环境犯罪的，要依法追究刑事责任。对未通过年度考核的，由环保部门会同组织部门、监察机关等部门约谈省级人民政府及其相关部门有关负责人。对干预、伪造监测数据和没有完成年度目标任务的，监察机关要依法依纪追究有关单位和人员的责任，环保部门要对有关地区和企业实施建设项目环评限批。,是，明确建立区域协作机制，国务院与各省（区、市）人民政府签订目标责任书，分解目标任务，建立考核问责机制，对未通过年度考核的地区实施约谈和责任追究,5,1,9,5,4,1,1,1,预调研/政策文件/01_大气污染防治行动计划_2013_国务院.pdf,2013,central,policy_document,11,10079,意见/行动计划,原生文本,1,1,1,1,1
02,02_水污染防治行动计划_2015_国务院.pdf,0.594,0.594,pdfplumber,,水污染防治行动计划（水十条）,行政法规,中央,强制性,严厉,5,结果型,国务院,"[""命令控制型"", ""经济激励型"", ""信息公开型"", ""市场机制型"", ""自愿型""]","[""水污染物"", ""总氮"", ""总磷"", ""重金属"", ""海洋污染物""]","[""工业"", ""农业"", ""石化"", ""城镇生活"", ""交通运输"", ""船舶港口"", ""垃圾填埋"", ""渔业"", ""畜禽养殖"", ""市政"", ""水产养殖""]","[""排污许可制度"", ""总量控制"", ""目标责任考核"", ""信息公开"", ""环境监测网络"", ""公众参与""]","[""中华人民共和国环境保护法"", ""中华人民共和国水污染防治法""]","[""地级及以上城市建成区黑臭水体控制在10%以内"", ""地级及以上城市集中式饮用水水源水质达到或优于Ⅲ类比例总体高于93%"", ""近岸海域水质优良比例达到70%左右"", ""地级及以上城市自2016年起每季度向社会公开饮水安全状况"", ""单一水源供水的地级及以上城市应于2020年底前基本完成备用水源或应急水源建设"", ""加油站地下油罐应于2017年底前全部更新为双层罐或完成防渗池设置""]","""建立领导干部生态环境损害终身追责机制；实施水环境质量城市排名公开（公布最好最差10个城市名单）；建立从水源到水龙头的全过程饮用水安全监管体系；将自然岸线保护纳入沿海地方政府政绩考核；建立全国水污染防治工作协作机制""",对未通过年度考核的约谈省级人民政府及其相关部门负责人，提出整改意见；对有关地区和企业实施建设项目环评限批；对因工作不力、履职缺位等导致未能有效应对水环境污染事件的，以及干预、伪造数据和没有完成年度目标任务的，依法依纪追究有关单位和人员责任；对不顾生态环境盲目决策导致水环境质量恶化的领导干部记录在案，视情节轻重给予组织处理或党纪政纪处分，已离任的也要终身追究责任,是，明确划分各级政府职责，要求地方制定配套实施方案（各级地方政府需于2015年底前制定并公布工作方案并报国务院备案），设立目标考核问责机制（签订目标责任书、年度考核、终身追责）,5,5,11,6,2,6,1,1,预调研/政策文件/02_水污染防治行动计划_2015_国务院.pdf,2015,central,policy_document,17,16334,意见/行动计划,原生文本,1,1,1,1,1
03,03_土壤污染防治行动计划_2016_国务院.pdf,0.478,0.478,pdfplumber,,土壤污染防治行动计划（土十条）,规范性文件,中央,强制性,严厉,5,结果型,国务院,"[""命令控制型"", ""经济激励型"", ""市场机制型"", ""信息公开型"", ""自愿型""]","[""土壤污染物"", ""重金属""]","[""农业"", ""有色金属矿采选"", ""有色金属冶炼"", ""石油开采"", ""石油加工"", ""化工"", ""焦化"", ""电镀"", ""制革"", ""畜禽养殖""]","[""信息公开"", ""目标责任制"", ""信息公开与公众参与""]","[""中华人民共和国环境保护法"", ""农药管理条例""]","[""到2020年受污染耕地安全利用率达到90%左右"", ""到2020年污染地块安全利用率达到90%以上""]","""首次系统制定土壤污染防治国家战略（土十条）；建立农用地土壤环境质量类别分类管理制度；建立建设用地土壤环境调查评估和负面清单制度；实行土壤污染治理与修复终身责任制；构建土壤环境信息化管理平台""",对评估较差或考核未通过的省（区、市）实施建设项目环评限批；对工作不力、问题突出的地区约谈政府负责人；对失职渎职、弄虚作假的予以诫勉、组织处理或党纪政纪处分；构成犯罪的依法追究刑事责任，实行终身追责。,是，明确'国家统筹、省负总责、市县落实'的管理体制，要求地方政府制定工作方案并报国务院备案，签订目标责任书，实施年度评估和2020年考核，建立终身责任追究机制,5,2,10,3,2,2,1,1,预调研/政策文件/03_土壤污染防治行动计划_2016_国务院.pdf,2016,central,policy_document,17,13886,意见/行动计划,原生文本,1,1,1,1,1
04,04_环境保护税法_2016.pdf,0.603,0.603,pdfplumber,,中华人民共和国环境保护税法,法律,中央,强制性,中性,4,产出型,全国人民代表大会常务委员会,"[""经济激励型"", ""命令控制型""]","[""大气污染物"", ""水污染物"", ""固体废物"", ""噪声""]","[""企业事业单位"", ""其他生产经营者"", ""企业事业单位和其他生产经营者"", ""规模化养殖"", ""城乡污水集中处理"", ""生活垃圾集中处理"", ""工业"", ""农业（规模化养殖）"", ""交通运输"", ""污水处理"", ""垃圾处理""]","[""税务机关征收管理"", ""生态环境主管部门监测管理"", ""涉税信息共享平台""]","[""中华人民共和国税收征收管理法"", ""中华人民共和国环境保护法""]","[""浓度值低于排放标准30%减按75%征收"", ""浓度值低于排放标准50%减按50%征收"", ""省级政府可在税额幅度内确定具体适用税额"", ""未设定具体数值目标"", ""未设定具体数值目标，通过税收杠杆激励污染物减排""]","""['实现排污费改税，强化执法刚性和规范性', '建立正向减排激励机制，排放浓度低于标准30%减按75%征收，低于50%减按50%征收', '建立税务机关与生态环境主管部门涉税信息共享平台和工作配合机制', '赋予省级政府在一定幅度内确定税额标准的自主裁量权，体现区域差异']""",纳税人和税务机关、生态环境主管部门及其工作人员违反本法规定的，依照《中华人民共和国税收征收管理法》《中华人民共和国环境保护法》和有关法律法规的规定追究法律责任,是，明确划分央地权责：应税大气污染物和水污染物的具体适用税额由省级政府统筹考虑本地区环境承载能力、污染物排放现状和经济社会生态发展目标要求，在法定税额幅度内提出，报同级人民代表大会常务委员会决定；省级政府可根据本地区污染物减排特殊需要，增加同一排放口征收环境保护税的应税污染物项目数；县级以上地方人民政府应当建立税务机关、生态环境主管部门和其他相关单位分工协作工作机制,2,4,11,3,2,5,1,1,预调研/政策文件/04_环境保护税法_2016.pdf,2016,central,law,16,3706,法律,原生文本,1,0,1,0,0
05,05_碳排放权交易管理办法_2021_生态环境部.pdf,0.616,0.616,pdfplumber,,碳排放权交易管理办法（试行）,部门规章,中央,强制性,中性,4,产出型,生态环境部,"[""市场机制型"", ""命令控制型"", ""信息公开型""]","[""温室气体""]","[""全国碳排放权交易市场覆盖行业""]","[""温室气体排放报告与核查"", ""信息公开与公众监督""]","[""国家有关温室气体排放控制的要求""]","[""重点排放单位年度温室气体排放量门槛：2.6万吨二氧化碳当量"", ""CCER抵销比例上限：应清缴配额的5%"", ""重点排放单位门槛：年度温室气体排放量达到2.6万吨二氧化碳当量"", ""自愿减排量抵销比例：不得超过应清缴碳排放配额的5%"", ""年度温室气体排放量达到2.6万吨二氧化碳当量（重点排放单位纳入门槛）"", ""国家核证自愿减排量抵销比例不得超过应清缴碳排放配额的5%""]","""建立全国统一的碳排放权交易市场体系；明确重点排放单位纳入门槛（2.6万吨二氧化碳当量）；建立碳排放配额有偿分配预留机制；引入国家核证自愿减排量（CCER）抵销机制；实现碳排放权注册登记系统与交易系统数据交换""",重点排放单位虚报、瞒报温室气体排放报告，或者拒绝履行温室气体排放报告义务的，责令限期改正，处一万元以上三万元以下的罚款；逾期未改正的，由省级生态环境主管部门测算其温室气体实际排放量作为清缴依据，并对虚报、瞒报部分等量核减其下一年度碳排放配额。重点排放单位未按时足额清缴碳排放配额的，责令限期改正，处二万元以上三万元以下的罚款；逾期未改正的，对欠缴部分等量核减其下一年度碳排放配额。工作人员滥用职权、玩忽职守、徇私舞弊的，依法给予处分；涉嫌犯罪的，移送司法机关。,是，明确划分生态环境部、省级生态环境主管部门、设区的市级生态环境主管部门三级职责，要求省级确定重点排放单位名录、分配配额并核查，市级配合落实具体工作,3,1,1,2,1,6,1,1,预调研/政策文件/05_碳排放权交易管理办法_2021_生态环境部.pdf,2021,central,administrative_rule,11,5310,部门规章,原生文本,1,1,0,1,0
06,06_环境保护法_2014修订.pdf,0.675,0.675,pdfplumber,,中华人民共和国环境保护法（2014年修订）,法律,中央,强制性,严厉,5,结果型,全国人民代表大会常务委员会,"[""命令控制型"", ""经济激励型"", ""信息公开型"", ""自愿型""]","[""大气污染物"", ""水污染物"", ""固体废物"", ""噪声"", ""放射性物质"", ""综合""]","[""工业"", ""农业"", ""畜禽养殖"", ""交通运输"", ""服务业""]","[""排污许可制度"", ""总量控制"", ""环评审批"", ""信息公开与公众参与""]","[""中华人民共和国侵权责任法"", ""中华人民共和国突发事件应对法""]","[""未设定具体数值目标""]","""首次引入按日连续处罚制度；建立环境公益诉讼制度；规定环境污染损害赔偿诉讼时效为三年；建立环境资源承载能力监测预警机制；强化地方政府和部门问责机制；首次明确生态保护补偿制度""",违法排污拒不改正的按日连续处罚（第59条）；超标或超总量排放的责令限制生产、停产整治，情节严重的责令停业关闭（第60条）；对拒不执行环评、排污许可及逃避监管排污等行为责任人处5-15日行政拘留（第63条）；构成犯罪的依法追究刑事责任（第69条）；对违法履职的政府工作人员给予记过至开除处分，主要负责人引咎辞职（第68条）,是，明确划分中央与地方环保职责（第6、10条），要求地方政府将环保纳入国民经济和社会发展规划（第13条），建立环保目标责任制和考核评价制度（第26条），对不依法履职的政府部门负责人实行引咎辞职等问责（第68条）,4,6,5,4,2,1,1,1,预调研/政策文件/06_环境保护法_2014修订.pdf,2014,central,law,10,10299,法律,原生文本,1,1,1,0,1
07,07_绿色低碳循环发展经济体系指导意见_2021_国务院.pdf,0.563,0.563,pdfplumber,,国务院关于加快建立健全绿色低碳循环发展经济体系的指导意见,规范性文件,中央,引导性,中性,4,结果型,国务院,"[""命令控制型"", ""经济激励型"", ""市场机制型"", ""信息公开型"", ""自愿型""]","[""综合"", ""大气污染物"", ""水污染物"", ""固体废物"", ""温室气体""]","[""工业"", ""农业"", ""服务业"", ""建筑业""]","[""绿色金融"", ""标准认证体系""]","[""中华人民共和国环境保护法"", ""中华人民共和国清洁生产促进法""]","[""未设定具体数值目标""]","""系统构建覆盖生产、流通、消费全链条的绿色低碳循环发展经济体系；推行全方位全过程绿色化（绿色规划、设计、投资、建设、生产、流通、生活、消费）；建立绿色供应链制度体系；推动绿色权属交易与相关目标指标对接协调""",严厉打击虚标绿色产品行为，行政处罚信息纳入国家企业信用信息公示系统；强化执法监督，加大违法行为查处和问责力度,是，要求各地区根据本地实际研究提出具体措施，压实工作责任，加强督促落实，重大情况及时向党中央、国务院报告,5,5,4,2,2,1,1,1,预调研/政策文件/07_绿色低碳循环发展经济体系指导意见_2021_国务院.pdf,2021,central,policy_document,11,6381,意见/行动计划,原生文本,1,1,1,1,1
08,08_排污许可管理条例_2021_国务院.pdf,0.654,0.654,pdfplumber,,排污许可管理条例,行政法规,中央,强制性,严厉,5,过程型,国务院,"[""命令控制型"", ""信息公开型""]","[""综合""]","[""工业"", ""城镇污水集中处理设施"", ""其他排放污染物的企业事业单位和生产经营者"", ""实行排污许可管理的所有企业事业单位和其他生产经营者"", ""企业事业单位和其他生产经营者（实行排污许可管理）"", ""城镇和工业污水集中处理设施"", ""需要填报排污登记表的企业事业单位和其他生产经营者""]","[""排污许可制度""]","[""中华人民共和国环境保护法"", ""中华人民共和国安全生产法""]","[""未设定具体数值目标""]","""首次以行政法规形式确立排污许可分类管理制度；明确排污许可证有效期为5年；建立全国统一的排污许可证管理信息平台；规定排污单位自行监测数据与生态环境部门监测数据不一致时以生态环境部门数据为准；建立排污单位环境信用记录纳入国家信用信息系统""",无证排污处20万元以上100万元以下罚款，情节严重责令停业关闭；超许可排放浓度或排放量处20万元以上100万元以下罚款，情节严重吊销排污许可证；未建立台账记录或未提交执行报告处每次5千元以上2万元以下罚款；通过暗管、渗井、渗坑、灌注或篡改伪造监测数据等方式违法排放处20万元以上100万元以下罚款，情节严重吊销许可证；拒不改正的按日连续处罚,是，明确划分国务院生态环境主管部门负责全国统一监督管理，设区的市级以上地方人民政府生态环境主管部门负责本行政区域监督管理；建立全国排污许可证管理信息平台实现央地信息共享,2,1,7,1,2,1,1,1,预调研/政策文件/08_排污许可管理条例_2021_国务院.pdf,2021,central,regulation,19,8471,条例/法规,原生文本,1,1,0,0,0
09,09_企业环境信息依法披露管理办法_2021_生态环境部.pdf,0.588,0.588,pdfplumber,,企业环境信息依法披露管理办法,部门规章,中央,强制性,严厉,4,过程型,生态环境部,"[""信息公开型"", ""命令控制型""]","[""大气污染物"", ""水污染物"", ""固体废物"", ""温室气体"", ""综合""]","[""重点排污单位"", ""上市公司"", ""发债企业"", ""实施强制性清洁生产审核的企业""]","[""企业名单管理制度"", ""监督检查机制""]","[""中华人民共和国环境保护法"", ""中华人民共和国清洁生产促进法"", ""公共企事业单位信息公开规定制定办法"", ""环境信息依法披露制度改革方案""]","[""未设定具体数值目标"", ""未设定具体环境质量改善数值目标"", ""每年3月15日前披露上一年度环境信息"", ""收到法律文书后5个工作日内披露临时信息"", ""企业名单公示期不少于10个工作日"", ""罚款额度1-10万元""]","""首次系统性地建立企业环境信息依法披露制度，明确上市公司和发债企业为强制披露主体，建立企业名单动态管理机制，将环境信息依法披露纳入企业信用管理，推动环境信息跨部门跨领域跨地区互联互通""",企业不披露环境信息或披露不真实准确的，责令改正，通报批评，可处1万元以上10万元以下罚款；披露信息不符合准则要求、超过规定时限或未上传至系统的，责令改正，通报批评，可处5万元以下罚款,是，明确了生态环境部负责全国环境信息依法披露的组织、指导、监督和管理，设区的市级以上地方生态环境主管部门负责本行政区域内的组织实施和监督管理，建立了省-市两级报送机制,2,5,4,2,4,6,1,1,预调研/政策文件/09_企业环境信息依法披露管理办法_2021_生态环境部.pdf,2021,central,administrative_rule,9,4352,部门规章,原生文本,1,1,0,0,0
10,10_北京市大气污染防治条例_2014.pdf,0.533,0.533,pdfplumber,,北京市大气污染防治条例,地方性法规,省级,强制性,严厉,5,结果型,北京市第十四届人民代表大会第二次会议,"[""命令控制型"", ""经济激励型"", ""市场机制型"", ""信息公开型"", ""自愿型""]","[""大气污染物"", ""细颗粒物"", ""挥发性有机物"", ""扬尘""]","[""工业"", ""建筑施工"", ""餐饮服务"", ""电力"", ""交通运输"", ""服装干洗"", ""机动车维修"", ""矿产资源开采"", ""石油化工""]","[""排污许可制度"", ""总量控制"", ""环评审批"", ""目标责任考核"", ""区域联防联控""]","[""中华人民共和国大气污染防治法"", ""中华人民共和国环境保护法""]","[""未设定具体数值目标""]","""首次在地方性法规中明确大气污染物排污权交易试点；建立企业信用系统向社会公开违法企业名单；规定机动车和非道路移动机械排放控制装置不得擅自更改；建立空气重污染应急预案和应急响应机制""",规定了广泛的罚款、责令改正、限制生产、停产整治、责令停业关闭、查封设施、没收违法所得等处罚措施。罚款金额从数百元至五十万元不等，对多次违法可加倍处罚。构成犯罪的，依法追究刑事责任。,是，明确划分市、区（县）两级政府职责，建立大气环境质量目标责任制和考核评价制度，要求区县政府制定年度计划并组织落实，定期向人大报告,5,4,9,5,2,1,1,1,预调研/政策文件/10_北京市大气污染防治条例_2014.pdf,2014,local,regulation,11,14421,条例/法规,原生文本,1,1,1,1,1
11,11_中华人民共和国水污染防治法_2017修正.pdf,0.618,0.618,pdfplumber,,中华人民共和国水污染防治法（节选第四章至第六章）,法律,中央,强制性,严厉,5,产出型,全国人民代表大会常务委员会,"[""命令控制型"", ""信息公开型""]","[""水污染物""]","[""工业"", ""农业"", ""船舶运输"", ""城镇污水处理""]","[""排污许可制度""]","[""中华人民共和国环境保护法""]","[""未设定具体数值目标""]","""建立生态环境损害赔偿制度并实行举证责任倒置（第98条）；强化饮用水水源保护（一级、二级、准保护区分类管控，第84条）；与环境保护法衔接引入行政拘留（依据第101条依法追究刑事责任，原文节选未显示具体拘留条款）""",违法排污最高罚款100万元（第83条、第85条）；在饮用水水源保护区设置排污口逾期不拆除的处50-100万元罚款（第84条）；向水体排放油类、酸液、碱液或剧毒废液的处10-100万元罚款，情节严重责令停业关闭（第85条）；建设不符合国家产业政策的严重污染项目由市县政府责令关闭（第87条）；污泥处理不符合标准的处10-20万元罚款（第88条）；船舶违法排放处1-10万元罚款，造成水污染的处2-20万元罚款（第90条）,是，明确划分各级政府职责权限，如责令关闭需报经有批准权的人民政府批准（第83条），市县级政府负责关闭严重污染项目（第87条），环保部门负责日常监管与处罚（第80-82条），建立分级负责的执法体系,2,1,4,1,1,1,1,1,预调研/政策文件/11_中华人民共和国水污染防治法_2017修正.pdf,2017,central,law,36,29765,法律,原生文本,1,1,0,0,0
12,12_中华人民共和国大气污染防治法_2018修正.pdf,0.66,0.66,pdfplumber,,中华人民共和国大气污染防治法（节选：重点区域大气污染联合防治、重污染天气应对、法律责任章节）,法律,中央,强制性,严厉,5,产出型,全国人民代表大会常务委员会,"[""命令控制型"", ""经济激励型"", ""信息公开型"", ""市场机制型""]","[""大气污染物""]","[""电力"", ""交通运输"", ""建筑施工"", ""工业"", ""农业"", ""石油化工""]","[""排污许可制度"", ""区域联防联控"", ""总量控制"", ""目标责任考核"", ""环评审批""]","[""中华人民共和国环境保护法""]","[""未设定具体数值目标""]","""明确以改善大气环境质量为目标，坚持源头治理；对颗粒物、二氧化硫、氮氧化物、挥发性有机物、氨等大气污染物和温室气体实施协同控制；国家逐步推行重点大气污染物排污权交易""",处罚条款广泛且严厉，涵盖拒绝检查、无证排污、超标排污、监测数据造假、使用不合格燃料、违法施工扬尘、违法餐饮油烟排放、违法露天焚烧、不执行应急措施等。罚款金额从数百元至数百万元不等，并设按日连续处罚、责令停产整治、停业关闭等。对造成污染事故的，按直接损失1-5倍罚款。,是，明确划分国务院、省级、城市、县级人民政府职责，要求地方制定配套实施细则（如划定高污染燃料禁燃区、禁止使用高排放非道路移动机械区域等），建立目标考核机制,4,1,6,5,1,1,1,1,预调研/政策文件/12_中华人民共和国大气污染防治法_2018修正.pdf,2018,central,law,41,33400,法律,原生文本,1,1,1,1,0
13,13_中华人民共和国固体废物污染环境防治法_2020修订.pdf,0.686,0.686,pdfplumber,,中华人民共和国固体废物污染环境防治法（2020年修订）,法律,中央,强制性,严厉,5,产出型,全国人民代表大会常务委员会,"[""命令控制型"", ""信息公开型"", ""经济激励型"", ""自愿型""]","[""固体废物"", ""危险废物""]","[""工业"", ""农业"", ""建筑业""]","[""排污许可制度""]","[""中华人民共和国环境保护法""]","[""未设定具体数值目标""]","""确立生活垃圾分类制度；强化产生者责任延伸制度，要求委托他人运输、利用、处置工业固体废物的单位对受托方进行核实并承担连带责任；明确提出国家逐步实现固体废物零进口；建立全国危险废物等固体废物污染环境防治信息平台，推进全过程监控和信息化追溯。""",罚款金额从个人100-500元到单位最高500万元不等；按日连续处罚；对严重违法行为可责令停业、关闭；对责任人可处以拘留；对污染事故按直接经济损失1-5倍罚款；危险废物无证经营最高罚500万元；境外固体废物输入最高罚500万元。,是，明确地方各级人民政府对本行政区域防治工作负责，实行目标责任制和考核评价制度，要求县级以上政府将防治工作纳入国民经济和社会发展规划、生态环境保护规划，并鼓励省级政府间建立联防联控机制。,4,2,3,1,1,1,1,1,预调研/政策文件/13_中华人民共和国固体废物污染环境防治法_2020修订.pdf,2020,central,law,42,33956,法律,原生文本,1,1,1,0,1
14,14_中华人民共和国环境噪声污染防治法_2018修正.pdf,0.598,0.598,pdfplumber,,中华人民共和国环境噪声污染防治法（2018修正）,法律,中央,强制性,严厉,4,产出型,全国人民代表大会常务委员会,"[""命令控制型"", ""经济激励型"", ""信息公开型""]","[""噪声""]","[""工业"", ""建筑施工"", ""交通运输"", ""社会生活""]","[""环评审批"", ""限期治理制度"", ""现场检查制度"", ""排污许可制度"", ""三同时制度""]","[""中华人民共和国环境保护法"", ""中华人民共和国环境噪声污染防治条例（已废止）""]","[""未设定具体数值目标""]","""按噪声源（工业、建筑施工、交通运输、社会生活）分章规定防治措施，构建了相对完整的噪声污染防治法律框架；明确了多部门（生态环境、公安、交通、铁路、民航等）协同监管机制。""",对违反环评‘三同时’、拒报谎报申报事项、擅自拆除闲置防治设施、不缴纳超标排污费、逾期未完成限期治理等行为，由生态环境主管部门等责令改正、警告、罚款；情节严重的可责令停业、搬迁、关闭；公安机关对特定社会生活噪声违法行为进行处罚。,是，明确国务院生态环境主管部门统一监督管理，县级以上地方人民政府生态环境主管部门对本行政区域实施统一监督管理，并要求地方划定声环境质量标准适用区域、制定配套措施。,3,1,4,5,2,1,1,1,预调研/政策文件/14_中华人民共和国环境噪声污染防治法_2018修正.pdf,2018,central,law,19,14824,法律,原生文本,1,1,1,0,0
15,15_中华人民共和国土壤污染防治法_2018公布.pdf,0.67,0.67,pdfplumber,,中华人民共和国土壤污染防治法,法律,中央,强制性,严厉,5,产出型,全国人民代表大会常务委员会,"[""命令控制型"", ""信息公开型"", ""经济激励型"", ""自愿型""]","[""土壤污染物""]","[""工业"", ""农业""]","[""排污许可制度"", ""土壤环境监测制度"", ""土壤污染风险管控和修复名录制度"", ""农用地分类管理制度""]","[""中华人民共和国环境保护法""]","[""未设定具体数值目标""]","""['首创农用地分类管理制度（优先保护类、安全利用类、严格管控类）', '建立建设用地土壤污染风险管控和修复名录制度', '确立土壤污染责任人认定与费用承担机制（谁污染谁治理）', '设立土壤污染防治基金解决历史遗留问题', '建立住宅用地土壤污染状况调查制度保障人居环境安全']""",罚款金额从一万元至二百万元不等，涵盖多种违法行为；对拒不改正者可责令停产整治、按日连续处罚（隐含）、委托他人代为履行并承担费用；对个人可处行政拘留；没收违法所得；对出具虚假报告的单位可禁止从业，对责任人可终身禁业；构成犯罪的追究刑事责任。,是，实行土壤污染防治目标责任制和考核评价制度，将土壤污染防治目标完成情况作为考核评价地方各级人民政府及其负责人、县级以上人民政府负有土壤污染防治监督管理职责的部门及其负责人的内容，明确划分国务院生态环境主管部门与地方生态环境主管部门的职责分工,4,1,2,4,1,1,1,1,预调研/政策文件/15_中华人民共和国土壤污染防治法_2018公布.pdf,2018,central,law,31,23941,法律,原生文本,1,1,1,0,1
16,16_中华人民共和国海洋环境保护法_2023修订.pdf,0.525,0.525,pdfplumber,,中华人民共和国海洋环境保护法（节选：第四四章至第七七章）,法律,中央,强制性,严厉,5,产出型,全国人民代表大会常务委员会,"[""命令控制型"", ""经济激励型"", ""信息公开型""]","[""海洋污染物"", ""固体废物"", ""水污染物""]","[""渔业"", ""工业""]","[""环评审批"", ""排污许可制度""]","[""中华人民共和国环境保护法"", ""中华人民共和国宪法"", ""中华人民共和国固体废物污染环境防治法""]","[""未设定具体数值目标""]","""首次建立企业事业单位信用记录与评价应用制度，将相关信用记录纳入全国公共信用信息共享平台；建立健全海洋生态保护补偿制度；强化陆海统筹、区域联动的海洋环境监督管理制度；建立重大海上溢油应急处置部际联席会议制度""",对造成或可能造成严重海洋环境污染、生态破坏的，或有关证据可能灭失或被隐匿的，监管部门可查封、扣押有关船舶、设施、设备、物品；设有专章规定法律责任，对违法行为依法追究法律责任,是，第121条明确划分央地职权，规定沿海县级以上地方人民政府行使海洋环境监督管理权的部门的职责由省、自治区、直辖市人民政府根据本法及国务院有关规定确定，要求地方制定配套规定，建立目标考核问责机制,3,3,2,2,3,1,1,1,预调研/政策文件/16_中华人民共和国海洋环境保护法_2023修订.pdf,2023,central,law,40,31839,法律,原生文本,1,1,1,0,0
17,17_中华人民共和国长江保护法_2020公布.pdf,0.64,0.64,pdfplumber,,中华人民共和国长江保护法,法律,中央,强制性,严厉,5,产出型,全国人民代表大会常务委员会,"[""命令控制型"", ""经济激励型"", ""信息公开型"", ""自愿型""]","[""水污染物"", ""固体废物"", ""综合""]","[""农业"", ""化工"", ""渔业"", ""交通运输""]","[""排污许可制度""]","[""中华人民共和国环境保护法"", ""中华人民共和国水污染防治法"", ""中华人民共和国渔业法""]","[""未设定具体数值目标""]","""建立长江流域协调机制，统筹协调跨地区跨部门重大事项；设立河湖长制；建立长江流域信息共享系统；建立长江流域突发生态环境事件应急联动工作机制；建立长江流域危险货物运输船舶污染责任保险与财务担保相结合机制；建立水生生物完整性指数评价体系""",对非法捕捞、非法占用岸线、违规建设化工项目及尾矿库、超标排放含磷水污染物、非法采砂、非法运输危险化学品等行为设定了没收违法所得、高额罚款（最高五百万元）、责令关闭、吊销许可证等处罚；对公职人员违法行为依法给予处分；构成犯罪的追究刑事责任。,是，建立国家长江流域协调机制统一指导协调；明确国务院有关部门、长江流域省级及以下地方各级人民政府职责；要求地方制定生态环境分区管控方案和准入清单、总磷污染控制方案等配套措施；设立目标责任与考核问责机制。,4,3,4,1,3,1,1,1,预调研/政策文件/17_中华人民共和国长江保护法_2020公布.pdf,2020,central,law,29,22999,法律,原生文本,1,1,1,0,1
18,18_中华人民共和国黄河保护法_2022公布.pdf,0.674,0.674,pdfplumber,,中华人民共和国黄河保护法,法律,中央,强制性,严厉,5,结果型,全国人民代表大会常务委员会,"[""命令控制型"", ""经济激励型"", ""信息公开型"", ""市场机制型"", ""自愿型""]","[""水污染物"", ""固体废物"", ""综合""]","[""工业"", ""农业"", ""化工"", ""能源""]","[""目标责任考核""]","[""中华人民共和国环境保护法"", ""中华人民共和国水法"", ""中华人民共和国水土保持法""]","[""未设定具体数值目标""]","""首次在法律层面建立黄河流域水资源差别化管理制度（超载、临界超载、不超载地区分类管理）；建立高耗水产业准入负面清单和淘汰类目录制度；构建包含阶梯水价、高额累进加价、超定额累进加价等在内的促进节水的水价体系；实行强制性用水定额管理制度；强调水沙统一调度与防洪安全协同""",在黄河干支流岸线管控范围内违规建设化工园区、化工项目或尾矿库，处五十万元以上五百万元以下罚款，对直接负责人员处五万元以上十万元以下罚款；逾期不拆除或者不恢复原状的，强制拆除或者代为恢复原状；情节严重的，责令关闭；对政府工作人员给予警告至开除处分，主要负责人应引咎辞职；取水单位未安装在线计量设施或设施不合格逾期不改正的，按日最大取水能力计征相关费用；构成犯罪的追究刑事责任,是，明确划分国务院水行政主管部门、黄河流域管理机构、省级、设区的市、县级人民政府职责，实行分级管理、分级负责；要求地方制定水量分配方案、地下水控制指标等报上级备案；建立水资源统一调度机制和评估体系,5,3,4,1,3,1,1,1,预调研/政策文件/18_中华人民共和国黄河保护法_2022公布.pdf,2022,central,law,36,29063,法律,原生文本,1,1,1,1,1
19,19_中华人民共和国湿地保护法_2021公布.pdf,0.57,0.57,pdfplumber,,中华人民共和国湿地保护法,法律,中央,强制性,严厉,5,过程型,全国人民代表大会常务委员会,"[""命令控制型"", ""经济激励型"", ""信息公开型"", ""自愿型""]","[""综合""]","[""农业""]","[""湿地分级管理"", ""生态补偿"", ""监督检查"", ""湿地分级管理及名录制度"", ""湿地面积总量管控制度"", ""目标责任考核"", ""湿地名录制度""]","[""中华人民共和国土地管理法"", ""中华人民共和国森林法"", ""中华人民共和国草原法"", ""中华人民共和国水法"", ""中华人民共和国海域使用管理法"", ""中华人民共和国长江保护法"", ""中华人民共和国环境保护法"", ""中华人民共和国生物安全法"", ""中华人民共和国防洪法"", ""中华人民共和国水污染防治法"", ""中华人民共和国海洋环境保护法"", ""中华人民共和国渔业法""]","[""未设定具体数值目标""]","""中国首部专门针对湿地保护的法律；确立了“保护优先、严格管理、系统治理、科学修复、合理利用”的原则；建立了湿地分级管理、名录、面积总量管控、生态补偿等系统性制度；设定了针对红树林、泥炭沼泽等特定类型湿地的特别保护条款。""",擅自占用国家重要湿地按每平方米一千元以上一万元以下罚款；开（围）垦、填埋自然湿地按每平方米五百元以上五千元以下罚款（破坏国家重要湿地的每平方米一千元以上一万元以下）；排干湿地或永久性截断水源处五万元以上五十万元以下罚款，造成严重后果的处五十万元以上一百万元以下罚款；未按期修复的由主管部门委托他人代为履行，费用由违法者承担,是，明确国务院与地方各级人民政府职责，要求地方制定湿地保护规划、落实面积总量管控目标，建立目标责任制并纳入地方综合绩效评价和领导干部自然资源资产离任审计，对工作不力地区实施约谈。,4,1,1,7,12,1,1,1,预调研/政策文件/19_中华人民共和国湿地保护法_2021公布.pdf,2021,central,law,20,14914,法律,原生文本,1,1,1,0,1
20,20_中华人民共和国清洁生产促进法_2012修正.pdf,0.605,0.605,pdfplumber,,中华人民共和国清洁生产促进法（2012年修正）,法律,中央,强制性,中性,4,过程型,全国人民代表大会常务委员会,"[""命令控制型"", ""经济激励型"", ""信息公开型"", ""自愿型""]","[""综合""]","[""工业"", ""农业"", ""建筑业"", ""服务业""]","[""信息公开与公众监督"", ""限期淘汰制度""]","[""中华人民共和国产品质量法"", ""中华人民共和国环境保护法""]","[""未设定具体数值目标""]","""确立强制性清洁生产审核与自愿性审核相结合的双轨制；建立清洁生产综合协调部门机制；引入自愿协议制度；要求对原料使用、资源消耗、资源综合利用以及污染物产生与处置等进行分析论证""",未公布能源消耗或重点污染物排放情况且拒不改正的，可处10万元以下罚款；未标注产品材料成分且拒不改正的，可处5万元以下罚款；不实施强制性清洁生产审核或弄虚作假且拒不改正的，处5万元以上50万元以下罚款,是，明确划分各级政府职责，国务院负责全国清洁生产促进工作，县级以上地方人民政府负责本行政区域工作，要求制定地方推行规划并组织落实,4,1,4,2,2,1,1,1,预调研/政策文件/20_中华人民共和国清洁生产促进法_2012修正.pdf,2012,central,law,14,10990,法律,原生文本,1,1,1,0,1
21,21_中华人民共和国环境影响评价法_2018修正.pdf,0.699,0.699,pdfplumber,,中华人民共和国环境影响评价法（2018修正）,法律,中央,强制性,严厉,4,过程型,全国人民代表大会常务委员会,"[""命令控制型"", ""信息公开型"", ""自愿型""]","[""综合""]","[""工业"", ""农业"", ""能源"", ""水利"", ""交通"", ""城市建设"", ""畜牧业"", ""林业"", ""旅游"", ""自然资源开发""]","[""环评审批制度"", ""环评审批"", ""规划环评"", ""分类管理制度"", ""公众参与机制""]","[""中华人民共和国海洋环境保护法"", ""中华人民共和国环境保护法""]","[""未设定具体数值目标""]","""强化了建设单位对环评文件内容和结论的主体责任；建立了环评编制单位和人员的信用档案与失信惩戒机制（纳入全国信用信息共享平台）；简化了部分建设项目环评管理（登记表备案制）；明确了环评文件存在严重质量问题的双重处罚（罚建设单位也罚技术单位及个人）。""",建设单位未依法报批环评文件擅自开工的，处总投资额1%-5%罚款，并可责令恢复原状；环评文件存在严重质量问题的，对建设单位处50-200万元罚款，对相关人员处5-20万元罚款；对技术单位处所收费用3-5倍罚款，情节严重的禁止从业；对编制人员可处五年内或终身禁止从业。对规划编制、审批机关及环评审批部门工作人员失职渎职行为依法给予行政处分或追究刑事责任。,是，明确划分纵向权责：第三十五条授权省、自治区、直辖市人民政府根据本地实际要求对县级人民政府编制的规划进行环评，并由省级政府参照本法第二章制定具体办法；第三十六条授权中央军事委员会制定军事设施建设项目环评办法,3,1,10,5,2,1,1,1,预调研/政策文件/21_中华人民共和国环境影响评价法_2018修正.pdf,2018,central,law,15,12448,法律,原生文本,1,1,0,0,1
22,22_中华人民共和国节约能源法_2018修正.pdf,0.54,0.54,pdfplumber,,中华人民共和国节约能源法（2007年修订）,法律,中央,强制性,严厉,4,过程型,全国人民代表大会常务委员会,"[""命令控制型"", ""经济激励型"", ""信息公开型"", ""自愿型""]","[""综合""]","[""工业"", ""建筑"", ""公共机构"", ""重点用能单位"", ""交通运输"", ""电力"", ""电网企业"", ""节能服务机构""]","[""节能标准体系"", ""重点用能单位管理"", ""能源效率标识管理"", ""固定资产投资项目节能评估和审查制度"", ""能源效率标识管理制度""]","[""中华人民共和国产品质量法"", ""中华人民共和国统计法""]","[""未设定具体数值目标""]","""首次在法律层面系统构建了覆盖能源生产到消费各环节的节能管理制度框架；引入能源效率标识、节能产品认证等市场化和信息化工具；建立重点用能单位分级管理制度；综合运用标准、审查、淘汰、激励（财税、价格、信贷）等多种政策工具。""",生产、进口、销售不符合强制性能源效率标准的用能产品、设备，处违法所得1-5倍罚款，情节严重吊销营业执照；建设单位违反建筑节能标准处20-50万元罚款；使用淘汰设备或超能耗限额情节严重可责令停业整顿或关闭；应当标注能源效率标识而未标注的处3-5万元罚款，未办理备案或标识不符逾期不改正的处1-3万元罚款，伪造冒用能源效率标识处5-10万元罚款；重点用能单位未报送能源利用状况报告或报告不实逾期不改正处1-5万元罚款，拒不落实整改要求处10-30万元罚款,是，明确划分各级政府职责，要求地方制定配套实施细则（如地方节能标准需报国务院批准或备案），设立节能目标责任制和考核评价制度（第6条），要求省级政府向国务院报告节能目标责任履行情况,4,1,8,5,2,1,1,1,预调研/政策文件/22_中华人民共和国节约能源法_2018修正.pdf,2018,central,law,23,17370,法律,原生文本,1,1,1,0,1
23,23_中华人民共和国可再生能源法_2009修正.pdf,0.458,0.458,pdfplumber,,中华人民共和国可再生能源法（2009年修正）,法律,中央,强制性,中性,4,过程型,全国人民代表大会常务委员会,"[""命令控制型"", ""经济激励型"", ""信息公开型"", ""自愿型""]","[""综合""]","[""电力"", ""农业"", ""建筑""]","[""全额保障性收购制度"", ""可再生能源发展基金"", ""总量目标制度"", ""行政许可与备案""]","[""中华人民共和国电力法"", ""中华人民共和国环境保护法""]","[""未设定具体数值目标"", ""未设定具体数值目标，但要求制定可再生能源发电量占全部发电量的比重目标"", ""未设定具体数值目标，仅规定确定可再生能源发电量占全部发电量的比重目标""]","""首次以法律形式确立可再生能源发电全额保障性收购制度；建立可再生能源发展基金及电价附加补偿机制；明确电网企业收购义务和入网费用补偿机制""",电网企业未按规定收购可再生能源电量的，承担赔偿责任并处以损失额一倍以下罚款；经营燃气/热力管网企业不准许符合入网标准的燃气、热力入网的，承担赔偿责任并处以损失额一倍以下罚款；石油销售企业未按规定将生物液体燃料纳入销售体系的，承担赔偿责任并处以损失额一倍以下罚款,是，明确划分国务院能源主管部门与县级以上地方人民政府管理能源工作部门的职责，要求省级政府制定可再生能源开发利用规划并报备案，设立总量目标分解机制,4,1,3,4,2,3,1,1,预调研/政策文件/23_中华人民共和国可再生能源法_2009修正.pdf,2009,central,law,13,10057,法律,原生文本,1,1,1,0,1
24,24_碳排放权交易管理暂行条例_2024公布.pdf,0.587,0.587,pdfplumber,,碳排放权交易管理暂行条例,行政法规,中央,强制性,严厉,5,结果型,国务院,"[""市场机制型"", ""命令控制型"", ""信息公开型""]","[""温室气体""]","[""民用航空""]","[""碳排放配额分配与清缴制度""]","[""中华人民共和国环境保护法"", ""文本未明确引用其他法律法规名称""]","[""未设定具体数值目标""]","""首次以行政法规形式规范全国碳排放权交易；明确禁止新建地方碳市场，实现全国市场统一；建立配额清缴与下一年度配额核减挂钩的处罚机制；规定非化石能源电力消费可相应调整碳排放配额和排放量（第三十一条）；实行技术服务机构同一省域内回避制度（不得同时从事年度排放报告编制和技术审核）""",未清缴配额：处未清缴配额清缴时限前1个月市场交易平均成交价格5-10倍罚款，拒不改正的核减下一年度配额并可责令停产；重点排放单位数据造假：没收违法所得并处5-10倍罚款（无违法所得处50-200万元），核减下一年度配额50%-100%，可责令停产，责任人员处5-20万元罚款；技术服务机构数据造假：责任人员5年或终身从业禁止；操纵市场：没收违法所得并处1-10倍罚款（无违法所得处50-500万元）,是，明确划分国务院生态环境主管部门与省级人民政府生态环境主管部门职责，要求省级部门制定重点排放单位名录、核查排放报告、发放配额，建立信用记录制度并纳入国家有关信用信息系统,3,1,1,1,2,1,1,1,预调研/政策文件/24_碳排放权交易管理暂行条例_2024公布.pdf,2024,central,regulation,11,5890,条例/法规,原生文本,1,1,0,1,0
25,25_建设项目环境保护管理条例_2017修订.pdf,0.567,0.567,pdfplumber,,建设项目环境保护管理条例（2017修订）,行政法规,中央,强制性,严厉,4,过程型,国务院,"[""命令控制型"", ""信息公开型""]","[""综合""]","[""工业""]","[""三同时制度"", ""环境影响评价制度""]","[""中华人民共和国环境影响评价法""]","[""未设定具体数值目标""]","""取消环保设施竣工验收行政许可，改为建设单位自主验收（第十七条）；简化环评管理，登记表由审批改为备案（第九条）；强化事中事后监管和信用管理（第二十条）；首次明确区域环境质量改善目标管理要求作为环评审批约束条件（第十一条第二项）""",未批先建按环评法处罚（第二十一条）；未落实环保措施处5-20万元罚款，逾期不改正处20-100万元罚款（第二十二条）；环保设施未验收或验收不合格即投产处20-100万元罚款，逾期不改正处100-200万元罚款，对责任人处5-20万元罚款，造成重大污染的责令停止生产或使用/责令关闭（第二十三条）；未公开验收报告处5-20万元罚款（第二十三条）,是，明确划分国务院、省级、县级环保部门审批权限和监管职责，实行分级管理（第十条、第九条），要求地方落实监督检查和行政处罚（第二十条、第二十二条、第二十三条），建立社会诚信档案（第二十条）,2,1,1,2,1,1,1,1,预调研/政策文件/25_建设项目环境保护管理条例_2017修订.pdf,2017,central,regulation,5,4474,条例/法规,原生文本,1,1,0,0,0
26,26_畜禽规模养殖污染防治条例_2013公布.pdf,0.646,0.646,pdfplumber,,畜禽规模养殖污染防治条例,行政法规,中央,强制性,严厉,4,产出型,国务院,"[""命令控制型"", ""经济激励型"", ""信息公开型"", ""自愿型""]","[""水污染物"", ""固体废物""]","[""畜禽养殖业""]","[""总量控制"", ""目标责任考核""]","[""中华人民共和国水污染防治法"", ""中华人民共和国固体废物污染环境防治法""]","[""未设定具体数值目标""]","""首部专门针对畜禽养殖污染防治的行政法规；建立系统化的污染防治规划制度；明确各部门职责分工（环保、农牧、循环经济部门）；建立激励与约束相结合的政策体系；引入自愿减排协议奖励机制""",在禁养区建设养殖场：一般区域处3-10万元罚款，饮用水水源保护区处10-50万元罚款，并责令拆除或关闭；未批先建处5-20万元罚款；设施未建成即投产或设施未正常运行处10万元以下罚款；超标排放或未经处理直接排放处5万元以下罚款并限期治理；相关责任人员依法给予处分或追究刑事责任,是，明确划分各级政府职责，县级以上人民政府负责组织领导，乡镇政府协助做好污染防治工作，要求地方制定配套实施细则,4,2,1,2,2,1,1,1,预调研/政策文件/26_畜禽规模养殖污染防治条例_2013公布.pdf,2013,central,regulation,5,5135,条例/法规,原生文本,1,1,1,0,1
27,27_城镇排水与污水处理条例_2013公布.pdf,0.68,0.68,pdfplumber,,城镇排水与污水处理条例,行政法规,中央,强制性,严厉,4,过程型,中华人民共和国国务院,"[""命令控制型"", ""经济激励型"", ""信息公开型""]","[""水污染物""]","[""工业"", ""建筑"", ""餐饮"", ""医疗""]","[""排水许可制度"", ""规划审批与备案"", ""运营合同管理"", ""费用征收与补贴"", ""监督检查与考核"", ""排污许可制度"", ""规划审批"", ""监督检查"", ""目标责任考核"", ""污水处理费制度"", ""污水排入排水管网许可制度"", ""污水处理费征收制度"", ""特许经营制度"", ""设施运行监督考核机制"", ""信息公开与社会监督""]","[""中华人民共和国水污染防治法""]","[""未设定具体数值目标""]","""首次系统规范城镇内涝防治与排水管理；建立污泥处理处置全过程跟踪记录制度；明确再生水利用优先领域；建立排水设施地理信息系统；实行污水处理运营服务费与污染物削减情况挂钩机制""",对违法排水行为最高罚款50万元；对不缴纳污水处理费的处应缴费用1-3倍罚款；对擅自停运污水处理设施的处10-50万元罚款；对造成设施损坏或安全事故的依法承担赔偿责任，构成犯罪的追究刑事责任,是，明确国务院住房城乡建设主管部门指导监督全国，县级以上地方人民政府负责本行政区域监督管理，要求地方制定规划并报上级备案，建立考核监督机制,3,1,4,15,1,1,1,1,预调研/政策文件/27_城镇排水与污水处理条例_2013公布.pdf,2013,central,regulation,20,11313,条例/法规,原生文本,1,1,1,0,0
28,28_消耗臭氧层物质管理条例_2023修订.pdf,0.58,0.58,pdfplumber,,消耗臭氧层物质管理条例（2023修订）,行政法规,中央,强制性,严厉,5,产出型,国务院,"[""命令控制型"", ""经济激励型"", ""信息公开型""]","[""消耗臭氧层物质（ODS）""]","[""制冷设备制造与维修"", ""化工"", ""气雾剂""]","[""配额许可证制度"", ""总量控制"", ""进出口审批管理""]","[""中华人民共和国大气污染防治法"", ""保护臭氧层维也纳公约"", ""关于消耗臭氧层物质的蒙特利尔议定书""]","[""未在条例正文中设定具体数值削减目标，但明确‘国家逐步削减并最终淘汰’ODS，具体目标通过《国家方案》和年度配额总量确定"", ""国家逐步削减并最终淘汰消耗臭氧层物质"", ""未设定具体数值目标，年度配额总量由国务院生态环境主管部门根据淘汰进展确定并公告""]","""将ODS管理全面纳入配额许可和总量控制框架；明确要求数量较大的单位安装自动监测设备并与主管部门联网；建立ODS数据信息管理系统；将行政处罚信息记入信用记录并公布。""",处罚条款全面且严厉：无证生产罚款100-500万；无证使用或将淘汰物质用于规定用途罚款20-100万；超配额生产使用罚款10-100万并可吊销许可证；销售给不合规单位处市场总价3倍罚款；泄漏排放、未回收处置、未安装联网监测设备等行为均有相应罚款（5-50万不等）并可责令停产停业；以不正当手段取得许可的，撤销许可并3年内不得再申请。,是，明确划分国务院生态环境主管部门与地方生态环境主管部门职责，建立逐级上报机制（第二十七条），上级部门可直接查处下级未查处案件（第二十八条），要求地方配合实施配额管理和监督检查,3,1,3,3,3,3,1,1,预调研/政策文件/28_消耗臭氧层物质管理条例_2023修订.pdf,2023,central,regulation,7,7448,条例/法规,原生文本,1,1,1,0,0
29,29_打赢蓝天保卫战三年⾏动计划_2018公布.pdf,0.544,0.544,pdfplumber,,打赢蓝天保卫战三年行动计划（2018-2020年）,行政法规,中央,强制性,严厉,5,结果型,国务院,"[""命令控制型"", ""经济激励型"", ""市场机制型"", ""信息公开型"", ""自愿型""]","[""大气污染物"", ""温室气体""]","[""工业"", ""电力"", ""交通运输"", ""建筑施工"", ""包装印刷"", ""工业涂装"", ""制药"", ""农药"", ""日用玻璃"", ""铸造"", ""钢铁"", ""石化"", ""化工"", ""农业"", ""焦化"", ""电解铝"", ""水泥"", ""平板玻璃"", ""建材"", ""有色"", ""火电"", ""煤炭""]","[""排污许可制度"", ""目标责任考核"", ""区域联防联控"", ""环评审批"", ""总量控制""]","[""中华人民共和国大气污染防治法"", ""产业结构调整指导目录"", ""环境空气质量标准"", ""报废汽车回收管理办法"", ""十三五控制温室气体排放工作方案"", ""中华人民共和国环境保护税法""]","[""PM2.5未达标地级及以上城市浓度比2015年下降18%以上"", ""地级及以上城市空气质量优良天数比率达到80%"", ""重度及以上污染天数比率比2015年下降25%以上"", ""全国铁路货运量比2017年增长30%"", ""采暖用电谷段时长延长至10个小时以上""]","""['建立中央大气污染防治专项资金安排与地方环境空气质量改善绩效联动机制', '推行采暖用电市场化竞价采购机制及谷段输配电价减半政策', '建立高污染、高耗能、低产出企业差别化电价水价政策的动态调整机制', '建立环境监测数据质量责任追溯制度（谁出数谁负责、谁签字谁负责）', '创新排查、交办、核查、约谈、专项督察五步法监管机制']""",综合运用按日连续处罚、查封扣押、限产停产等手段依法从严处罚；考核不合格地区实行区域环评限批，取消国家授予的有关生态文明荣誉称号；对篡改、伪造监测数据的，考核结果直接认定为不合格并依纪依法追究责任；对重点攻坚任务完成不到位或环境质量改善不到位的实施量化问责,是，明确要求地方各级政府制定实施方案并细化分解任务，建立‘网格长’制度压实责任，将任务完成情况纳入中央环保督察和省级督察，并实施考核问责与区域环评限批等联动机制。,5,2,22,5,6,5,1,1,预调研/政策文件/29_打赢蓝天保卫战三年⾏动计划_2018公布.pdf,2018,central,other,14,16370,其他,原生文本,1,1,1,1,1
30,30_关于全⾯加强⽣态环境保护坚决打好污染_2018公布.pdf,0.576,0.576,pdfplumber,,中共中央 国务院关于全面加强生态环境保护 坚决打好污染防治攻坚战的意见,规范性文件,中央,强制性,严厉,5,结果型,中共中央 国务院,"[""命令控制型"", ""经济激励型"", ""市场机制型"", ""信息公开型"", ""自愿型"", ""综合型""]","[""大气污染物"", ""水污染物"", ""固体废物"", ""综合"", ""土壤污染物"", ""温室气体""]","[""工业"", ""电力"", ""交通运输"", ""农业"", ""钢铁"", ""化工"", ""建筑施工"", ""建材"", ""造纸"", ""印染"", ""农副食品加工"", ""危险化学品"", ""水产养殖"", ""水泥"", ""电解铝"", ""能源"", ""金融""]","[""排污许可制度"", ""环评审批"", ""环境保护督察机制""]","[""中华人民共和国环境保护法"", ""水污染防治行动计划"", ""土壤污染防治行动计划""]","[""地级及以上城市空气质量优良天数比率达到80%以上"", ""二氧化硫、氮氧化物排放量比2015年减少15%以上"", ""受污染耕地安全利用率达到90%左右，污染地块安全利用率达到90%以上"", ""生态保护红线面积占比达到25%左右"", ""森林覆盖率达到23.04%以上""]","""首次以中共中央、国务院名义联合发布全面加强生态环境保护、打好污染防治攻坚战的纲领性文件；提出到2020年生态环境质量总体改善的阶段性目标；明确建立生态保护红线制度；提出构建生态文明体系确保2035年生态环境质量根本好转；建立河长制湖长制为水污染治理提供制度保障；提出全面禁止洋垃圾入境，大幅减少固体废物进口种类和数量，力争2020年年底前基本实现固体废物零进口""",对省（自治区、直辖市）党委和政府以及负有生态环境保护责任的中央和国家机关有关部门贯彻落实党中央、国务院决策部署不坚决不彻底、生态文明建设和生态环境保护责任制执行不到位、污染防治攻坚任务完成严重滞后、区域生态环境问题突出的，约谈主要负责人，同时责成其向党中央、国务院作出深刻检查；对年度目标任务未完成、考核不合格的市、县，党政主要负责人和相关领导班子成员不得评优评先；对在生态环境方面造成严重破坏负有责任的干部，不得提拔使用或者转任重要职务；对不顾生态环境盲目决策、违法违规审批开发利用规划和建设项目的，对造成生态环境质量恶化、生态严重破坏的，对生态环境事件多发高发、应对不力、群众反映强烈的，对生态环境保护责任没有落实、推诿扯皮、没有完成工作任务的，依纪依法严格问责、终身追责,是，明确划分各级党委和政府职责，实行党政同责、一岗双责，要求地方制定责任清单和配套实施细则，建立中央和省级环境保护督察体系，设立考核问责机制，考核结果作为领导班子和领导干部综合考核评价、奖惩任免的重要依据，对失职渎职行为终身追责,6,6,17,3,3,5,1,1,预调研/政策文件/30_关于全⾯加强⽣态环境保护坚决打好污染_2018公布.pdf,2018,central,other,11,13367,其他,原生文本,1,1,1,1,1
31,31_关于深⼊打好污染防治攻坚战的意⻅_2021公布.pdf,0.601,0.601,pdfplumber,,中共中央 国务院关于深入打好污染防治攻坚战的意见,规范性文件,中央,强制性,严厉,5,结果型,中共中央 国务院,"[""命令控制型"", ""经济激励型"", ""市场机制型"", ""信息公开型"", ""自愿型""]","[""大气污染物"", ""水污染物"", ""固体废物"", ""温室气体"", ""新污染物"", ""噪声"", ""土壤污染物"", ""海洋污染物""]","[""交通运输"", ""农业"", ""钢铁"", ""有色金属"", ""建材"", ""石化化工"", ""煤炭"", ""工业"", ""电力"", ""建筑施工"", ""能源"", ""包装印刷"", ""油品储运销"", ""医药"", ""涂装"", ""焦化"", ""水泥"", ""平板玻璃"", ""电解铝"", ""氧化铝"", ""煤化工""]","[""目标责任考核"", ""排污许可制度"", ""环评审批"", ""总量控制"", ""生态补偿"", ""中央生态环境保护督察"", ""行政执法与刑事司法衔接""]","[""中华人民共和国环境保护法"", ""中华人民共和国大气污染防治法"", ""中华人民共和国水污染防治法"", ""中华人民共和国土壤污染防治法""]","[""到2025年，单位国内生产总值二氧化碳排放比2020年下降18%"", ""挥发性有机物、氮氧化物排放总量比2020年分别下降10%以上""]","""首次以实现减污降碳协同增效为总抓手；建立二氧化碳排放总量控制制度并将温室气体管控纳入环评管理；系统部署新污染物治理；全面推行排污许可一证式管理；构建减污降碳一体谋划、一体部署、一体推进、一体考核的制度机制""",依法对生态环境违法犯罪行为严惩重罚；依法严厉打击危险废物非法转移、倾倒、处置等环境违法犯罪；严肃查处环评、监测等领域弄虚作假行为；依法严厉打击不落实应急减排措施行为,是，建立中央统筹、省负总责、市县抓落实的攻坚机制，完善中央生态环境保护督察制度，将污染防治攻坚战任务落实情况作为重点进行考核，强化考核结果运用,5,8,21,7,4,2,1,1,预调研/政策文件/31_关于深⼊打好污染防治攻坚战的意⻅_2021公布.pdf,2021,central,other,17,9841,其他,原生文本,1,1,1,1,1
32,32_2030年前碳达峰行动方案_2021公布.pdf,0.487,0.487,pdfplumber,,碳达峰碳中和行动方案（节选）,未在文本中明确标注,中央,强制性,严厉,4,结果型,国务院（党中央联合发布）,"[""命令控制型"", ""经济激励型"", ""市场机制型"", ""信息公开型"", ""自愿型""]","[""温室气体""]","[""工业"", ""能源"", ""钢铁"", ""有色金属"", ""建材"", ""石化化工"", ""建筑"", ""交通运输"", ""交通"", ""农业""]","[""目标责任考核"", ""碳排放权交易"", ""碳排放权交易市场"", ""用能权交易市场"", ""能耗双控制度""]","[""中华人民共和国国民经济和社会发展第十四个五年规划和2035年远景目标纲要"", ""《中共中央国务院关于完整准确全面贯彻新发展理念做好碳达峰碳中和工作的意见》"", ""《联合国气候变化框架公约》"", ""《巴黎协定》""]","[""2025年非化石能源消费比重达到20%左右"", ""2025年单位GDP能源消耗比2020年下降13.5%"", ""2025年单位GDP二氧化碳排放比2020年下降18%"", ""2030年非化石能源消费比重达到25%左右"", ""2030年单位GDP二氧化碳排放比2005年下降65%以上"", ""2030年风电太阳能发电总装机容量达到12亿千瓦以上"", ""2030年森林覆盖率达到25%左右，森林蓄积量达到190亿立方米"", ""2030年前碳达峰"", ""碳强度控制为主、碳排放总量控制为辅"", ""到2025年，非化石能源消费比重达20%左右，单位GDP能耗比2020年降13.5%，单位GDP二氧化碳排放比2020年降18%"", ""到2030年，非化石能源消费比重达25%左右，单位GDP二氧化碳排放比2005年降65%以上"", ""到2030年，风电、太阳能发电总装机容量达12亿千瓦以上"", ""到2025年，新型储能装机容量达3000万千瓦以上"", ""到2030年，抽水蓄能电站装机容量达1.2亿千瓦左右"", ""未设定具体数值目标"", ""到2025年非化石能源消费比重达到20%左右，单位GDP能耗比2020年下降13.5%，单位GDP二氧化碳排放比2020年下降18%"", ""到2030年非化石能源消费比重达到25%左右，单位GDP二氧化碳排放比2005年下降65%以上，实现碳达峰"", ""到2030年风电、太阳能发电总装机容量达到12亿千瓦以上"", ""到2025年新型储能装机容量达到3000万千瓦以上，2030年抽水蓄能电站装机容量达到1.2亿千瓦左右"", ""到2030年全国森林覆盖率达到25%左右，森林蓄积量达到190亿立方米"", ""基于提供节选未显示具体数值目标""]","""['建立统一规范的碳排放统计核算体系', '实施碳强度控制为主、碳排放总量控制为辅的双控制度', '设立碳减排支持工具和国家低碳转型基金', '统筹推进碳排放权、用能权、电力交易等多市场衔接协调']""",对能效水平低于行业能耗限额准入值的在建项目按有关规定停工整改；综合运用行政处罚、信用监管、绿色电价等手段增强节能监察约束力；坚决拿下不符合要求的两高项目,是，明确党中央集中统一领导，设立碳达峰碳中和工作领导小组进行整体部署和系统推进，要求各地区制定路线图并纳入督察考核，强化央地责任落实。,5,1,10,5,4,21,1,1,预调研/政策文件/32_2030年前碳达峰行动方案_2021公布.pdf,2021,central,policy_document,28,14354,意见/行动计划,原生文本,1,1,1,1,1
33,33_中共中央国务院关于完整准确全面贯彻新发展理念做好碳达峰碳中和工作的意见_2021.pdf,0.642,0.642,pdfplumber,,中共中央国务院关于完整准确全面贯彻新发展理念做好碳达峰碳中和工作的意见,规范性文件,中央,强制性,严厉,5,结果型,中共中央、国务院,"[""命令控制型"", ""经济激励型"", ""市场机制型"", ""信息公开型"", ""自愿型""]","[""温室气体""]","[""能源"", ""钢铁"", ""有色金属"", ""石化化工"", ""建材"", ""建筑"", ""交通"", ""农业"", ""电力""]","[""目标责任考核"", ""中央生态环境保护督察"", ""能耗双控制度""]","[""巴黎协定"", ""联合国气候变化框架公约"", ""节约能源法"", ""电力法"", ""煤炭法"", ""可再生能源法"", ""循环经济促进法""]","[""2025年单位GDP能耗比2020年下降13.5%"", ""2025年单位GDP二氧化碳排放比2020年下降18%"", ""2030年单位GDP二氧化碳排放比2005年下降65%以上"", ""2060年非化石能源消费比重达到80%以上""]","""首次从中共中央国务院层面系统部署碳达峰碳中和工作；提出全国统筹、节约优先、双轮驱动、内外畅通、防范风险工作原则；建立碳排放权交易市场；设立碳减排货币政策工具；研究设立国家低碳转型基金""",对未完成目标任务的地区、部门依规依法实行通报批评和约谈问责，有关落实情况纳入中央生态环境保护督察,是，实行党政同责，压实地方各级党委和政府责任，要求各地区制定落实举措，将目标任务纳入经济社会发展综合评价体系和中央生态环境保护督察,5,1,9,3,7,4,1,1,预调研/政策文件/33_中共中央国务院关于完整准确全面贯彻新发展理念做好碳达峰碳中和工作的意见_2021.pdf,2021,central,policy_document,14,7518,意见/行动计划,原生文本,1,1,1,1,1
34,34_⽣态⽂明体制改⾰总体⽅案_2015公布.pdf,0.565,0.565,pdfplumber,,生态文明体制改革总体方案,规范性文件,中央,强制性,严厉,4,过程型,中共中央、国务院,"[""命令控制型"", ""经济激励型"", ""市场机制型"", ""信息公开型"", ""自愿型""]","[""综合"", ""大气污染物"", ""水污染物"", ""温室气体""]","[""工业"", ""农业"", ""林业"", ""能源"", ""矿业"", ""渔业""]","[""自然资源资产产权制度""]","[""中华人民共和国环境保护法""]","[""到2020年构建起完整的生态文明制度体系"", ""将开发强度指标分解到各县级行政区作为约束性指标"", ""实行围填海面积约束性指标管理"", ""合理确定全国能源消费总量目标并分解落实"", ""未设定具体数值目标，仅明确到2020年构建起八项生态文明制度体系"", ""到2020年构建起八项制度构成的生态文明制度体系""]","""首次系统提出生态文明制度体系的顶层设计框架（八项制度）；提出自然资源资产产权制度、编制自然资源资产负债表、领导干部自然资源资产离任审计等创新性制度；强调“山水林田湖是一个生命共同体”的系统治理理念；推动建立用能权、排污权、水权、碳排放权交易等市场体系。""",实行生态环境损害责任终身追究制，对造成生态环境损害的领导干部予以诫勉、责令公开道歉、组织处理或党纪政纪处分，构成犯罪的依法追究刑事责任；建立生态环境损害赔偿制度，大幅度提高违法成本,是，明确划分中央与地方自然资源资产所有权行使事权（如石油天然气、重点国有林区等由中央直接行使所有权），要求地方开展试点试验（如自然资源资产负债表编制试点），建立生态文明目标评价考核和责任追究制度（生态环境损害责任终身追究）,5,4,6,1,1,6,1,1,预调研/政策文件/34_⽣态⽂明体制改⾰总体⽅案_2015公布.pdf,2015,central,other,11,11857,其他,原生文本,1,1,1,1,1
35,35_关于构建现代环境治理体系的指导意⻅_2020公布.pdf,0.472,0.472,pdfplumber,,关于构建现代环境治理体系的指导意见,规范性文件,中央,引导性,中性,4,过程型,中共中央办公厅、国务院办公厅,"[""命令控制型"", ""经济激励型"", ""市场机制型"", ""信息公开型"", ""自愿型""]","[""综合""]","[""全行业覆盖"", ""综合"", ""工业"", ""服务业"", ""能源"", ""交通运输""]","[""目标评价考核"", ""生态环境保护督察"", ""排污许可管理制度""]","[""中华人民共和国环境保护法"", ""环境保护税法""]","[""到2025年，建立健全环境治理的领导责任体系、企业责任体系、全民行动体系、监管体系、市场体系、信用体系、法律法规政策体系""]","""首次系统提出构建党委领导、政府主导、企业主体、社会组织和公众共同参与的现代环境治理体系；建立排查、交办、核查、约谈、专项督察'五步法'工作模式；探索建立'恢复性司法实践+社会化综合治理'审判结果执行机制；推行按效付费的第三方治理模式；探索'环境修复+开发建设'模式""",对造成生态环境损害的依法依规追究赔偿责任；对构成犯罪的依法追究刑事责任；建立排污企业黑名单制度，将环境违法企业纳入失信联合惩戒对象名单；将地方各级政府和公职人员在环境保护工作中的违法违规、失信违约信息纳入政务失信记录,是，明确建立中央统筹、省负总责、市县抓落实的工作机制，实行省以下生态环境机构监测监察执法垂直管理制度，完善中央和省两级生态环境保护督察体制,5,1,6,3,2,1,1,1,预调研/政策文件/35_关于构建现代环境治理体系的指导意⻅_2020公布.pdf,2020,central,policy_document,6,4401,意见/行动计划,原生文本,1,1,1,1,1
36,36_国务院关于加快经济社会发展全面绿色转型的意见_2024公布.pdf,0.556,0.556,official_html_rescue,data/interim/source_text/36_国务院关于加快经济社会发展全面绿色转型的意见_2024公布.txt,中共中央 国务院关于加快经济社会发展全面绿色转型的意见,规范性文件,中央,强制性,严厉,4,结果型,中共中央、国务院,"[""命令控制型"", ""经济激励型"", ""市场机制型"", ""信息公开型"", ""自愿型""]","[""大气污染物"", ""水污染物"", ""固体废物"", ""温室气体"", ""综合""]","[""能源"", ""交通运输"", ""农业"", ""服务业""]","[""目标责任考核""]","[""民法典"", ""节约能源法"", ""电力法"", ""可再生能源法""]","[""到2030年，非化石能源消费比重提高到25%左右"", ""到2030年，节能环保产业规模达到15万亿元左右"", ""到2030年，抽水蓄能装机容量超过1.2亿千瓦"", ""到2030年，营运交通工具单位换算周转量碳排放强度比2020年下降9.5%左右"", ""到2035年，新能源汽车成为新销售车辆的主流""]","""['建立能耗双控向碳排放双控全面转型新机制', '建立产品碳足迹管理体系', '推进数字化绿色化协同转型发展', '研究制定转型金融标准', '实施碳达峰碳中和综合评价考核制度']""",未设定具体罚则，强调健全行政执法与刑事司法衔接机制，依法开展生态环境损害赔偿诉讼和公益诉讼，完善生态环境损害赔偿和修复机制,是，明确要求各地区各部门结合实际抓好贯彻落实，建立能耗双控向碳排放双控全面转型新机制，制定实施碳达峰碳中和综合评价考核制度,5,5,4,1,4,5,1,1,预调研/政策文件/36_国务院关于加快经济社会发展全面绿色转型的意见_2024公布.pdf,2024,central,policy_document,14,0,意见/行动计划,官方网页补源,1,1,1,1,1
37,37_关于推进污水资源化利用的指导意见_2021.pdf,0.579,0.579,official_html_rescue,data/interim/source_text/37_关于推进污水资源化利用的指导意见_2021.txt,关于推进污水资源化利用的指导意见,规范性文件,中央,强制性,中性,3,产出型,国家发展改革委、科技部、工业和信息化部、财政部、自然资源部、生态环境部、住房城乡建设部、水利部、农业农村部、市场监管总局,"[""命令控制型"", ""经济激励型"", ""信息公开型"", ""市场机制型"", ""自愿型""]","[""水污染物""]","[""城镇生活污水""]","[""目标责任考核""]","[""国家节水行动方案""]","[""到2025年全国畜禽粪污综合利用率达到80%以上"", ""到2025年全国地级及以上缺水城市再生水利用率达到25%以上"", ""到2025年京津冀地区再生水利用率达到35%以上""]","""构建污水资源化利用'1+N'政策体系；推动区域再生水循环利用工程；开展国家高新区工业废水近零排放科技创新试点；放开再生水政府定价实行市场协商定价；将再生水纳入水资源统一配置""",未设定具体罚则，但要求严格监管考核，压实地方责任，限期依法关闭未经批准和公共供水管网覆盖范围内的自备井,是，明确'中央部署、省级统筹、市县负责'，要求各省（区、市）政府制定规划或实施方案，市县政府担负主体责任，实行目标责任考核,5,1,1,1,1,3,1,1,预调研/政策文件/37_关于推进污水资源化利用的指导意见_2021.pdf,2021,central,policy_document,3,0,意见/行动计划,官方网页补源,1,1,1,1,1
38,38_空气质量持续改善行动计划_2023公布.pdf,0.74,0.74,official_html_rescue,data/interim/source_text/38_空气质量持续改善行动计划_2023公布.txt,空气质量持续改善行动计划,规范性文件,中央,强制性,严厉,5,结果型,国务院,"[""命令控制型"", ""经济激励型"", ""信息公开型"", ""自愿型"", ""市场机制型""]","[""大气污染物"", ""温室气体""]","[""钢铁"", ""焦化"", ""水泥"", ""有色"", ""化工"", ""石化"", ""煤炭"", ""交通运输"", ""建筑施工"", ""电力"", ""农业"", ""餐饮服务"", ""火电"", ""玻璃"", ""石灰"", ""矿棉"", ""工业涂装"", ""包装印刷"", ""电子"", ""物流"", ""餐饮"", ""畜禽养殖""]","[""总量控制"", ""排污许可制度"", ""环评审批"", ""区域联防联控"", ""目标责任考核"", ""目标责任制""]","[""中华人民共和国大气污染防治法"", ""产业结构调整指导目录"", ""清洁生产促进法"", ""中华人民共和国清洁生产促进法""]","[""到2025年全国地级及以上城市PM2.5浓度比2020年下降10%"", ""重度及以上污染天数比率控制在1%以内"", ""氮氧化物和VOCs排放总量比2020年分别下降10%以上"", ""京津冀及周边地区PM2.5浓度下降20%"", ""北京市PM2.5浓度控制在32微克/立方米以内"", ""到2025年短流程炼钢产量占比达15%"", ""汾渭平原PM2.5浓度下降15%"", ""铁路、水路货运量比2020年分别增长10%和12%左右"", ""非化石能源消费比重达20%左右""]","""['探索将清洁运输作为重点行业新改扩建项目审核和监管重点', '建立低（无）VOCs含量产品标识制度', '将粤港澳大湾区作为空气质量改善先行示范区', '对省界两侧20公里内涉气重点行业新建项目开展环评一致性会商', '完善企业环保绩效分级管理制度']""",对未完成空气质量改善目标的地区，从资金分配、项目审批、荣誉表彰、责任追究等方面实施惩戒；对问题突出的地区视情组织开展专项督察；对参与弄虚作假的排污单位和第三方机构、人员依法追究责任，涉嫌犯罪的依法移送司法机关,是，明确地方各级政府对本行政区域内空气质量负总责，要求组织制定本地实施方案，建立空气质量改善目标完成情况考核机制，对未完成目标的地区实施惩戒和专项督察,5,2,22,6,4,9,1,1,预调研/政策文件/38_空气质量持续改善行动计划_2023公布.pdf,2023,central,policy_document,14,0,意见/行动计划,官方网页补源,1,1,1,1,1
39,39_环境影响评价公众参与办法_2018公布.pdf,0.73,0.73,pdfplumber,,环境影响评价公众参与办法,部门规章,中央,强制性,中性,4,过程型,生态环境部,"[""信息公开型"", ""命令控制型""]","[""综合""]","[""工业"", ""农业"", ""畜牧业"", ""林业"", ""能源"", ""水利"", ""交通"", ""城市建设"", ""旅游"", ""自然资源开发""]","[""信息公开"", ""公众参与"", ""信用记录"", ""听证制度""]","[""中华人民共和国环境保护法"", ""中华人民共和国环境影响评价法"", ""规划环境影响评价条例"", ""建设项目环境保护管理条例""]","[""未设定具体数值目标"", ""征求意见期限不得少于10个工作日"", ""网络平台公开持续期限不得少于10个工作日"", ""报纸公开在10个工作日内不少于2次"", ""审批决定公告期限为7个工作日"", ""确定环评编制单位后7个工作日内公开"", ""征求意见期限不少于10个工作日"", ""座谈会/论证会结束后5个工作日内公开纪要"", ""审批决定作出后7个工作日内公告""]","""首次系统规定环境影响评价公众参与的具体程序和要求；建立公众质疑性意见的深度参与机制；引入信用监管手段对公众参与弄虚作假行为进行惩戒；规定产业园区内项目可简化公众参与程序""",建设单位在公众参与中弄虚作假、致使公众参与说明内容严重失实的，由负责审批环境影响报告书的生态环境主管部门将建设单位及其法定代表人或主要负责人失信信息记入环境信用记录并向社会公开,是，明确生态环境主管部门与地方政府的职责分工，要求县级以上地方人民政府协调指导公众参与，产业园区简化程序需经生态环境主管部门审查,2,1,10,4,4,9,1,1,预调研/政策文件/39_环境影响评价公众参与办法_2018公布.pdf,2018,central,administrative_rule,5,4752,部门规章,原生文本,1,1,0,0,0
40,40_排污许可管理办法_2018公布.pdf,0.629,0.629,pdfplumber,,排污许可管理办法,部门规章,中央,强制性,严厉,5,过程型,生态环境部,"[""命令控制型"", ""信息公开型""]","[""大气污染物"", ""水污染物"", ""工业固体废物"", ""工业噪声""]","[""全行业"", ""实行排污许可管理的所有企业事业单位和其他生产经营者"", ""企业事业单位和其他生产经营者（固定污染源）""]","[""排污许可制度"", ""目标责任考核"", ""信息公开""]","[""中华人民共和国环境保护法"", ""中华人民共和国海洋环境保护法"", ""排污许可管理条例""]","[""未设定具体数值目标""]","""明确排污许可证作为排污权确认凭证和排污权交易的管理载体；实行排污单位及其生产设施、污染防治设施和排放口统一编码管理；建立排污许可证质量审核机制；推行清单式执法检查；排污许可证电子证照与纸质证照具有同等效力""",对未取得排污许可证排放污染物、不按照排污许可证要求排放污染物、未按规定填报排污登记表等违反排污许可管理的行为，依照《排污许可管理条例》等法律法规处理；排污单位以欺骗、贿赂等不正当手段取得排污许可证的，依法予以撤销,是，明确划分各级生态环境主管部门职责，国务院生态环境主管部门负责全国统一监督管理，省级和设区的市级负责本行政区域监督管理，上级对下级审批和执行情况进行监督检查,2,4,3,3,3,1,1,1,预调研/政策文件/40_排污许可管理办法_2018公布.pdf,2018,central,administrative_rule,5,7050,部门规章,原生文本,1,1,0,0,0
41,41_生态环境损害赔偿管理规定_2022公布.pdf,0.587,0.587,pdfplumber,,生态环境损害赔偿管理规定,规范性文件,中央,强制性,严厉,4,过程型,生态环境部、最高人民法院、最高人民检察院、科技部、公安部、司法部、财政部、自然资源部、住房和城乡建设部、水利部、农业农村部、卫生健康委、市场监管总局、林草局,"[""命令控制型"", ""信息公开型"", ""经济激励型""]","[""综合""]","[""全行业"", ""全部（因污染环境、破坏生态造成损害的所有行业）"", ""工业"", ""农业"", ""建筑业"", ""采矿业"", ""所有可能造成生态环境损害的行业""]","[""案件线索筛查和移送机制"", ""损害调查程序"", ""索赔磋商制度"", ""司法诉讼保障"", ""修复效果评估"", ""资金管理制度"", ""信息公开与公众参与"", ""考核问责机制"", ""磋商与诉讼衔接机制"", ""司法确认与强制执行"", ""目标责任考核与督察"", ""信息公开与公众监督"", ""鉴定评估技术体系"", ""线索筛查与移送机制"", ""磋商与诉讼机制"", ""鉴定评估机制"", ""修复效果评估机制"", ""考核与督办机制""]","[""《生态环境损害赔偿制度改革方案》"", ""《中华人民共和国民法典》"", ""《中华人民共和国环境保护法》""]","[""未设定具体数值目标""]","""[\""确立'先磋商、后诉讼'的生态环境损害赔偿程序\"", '建立赔偿协议司法确认与强制执行制度', '明确替代修复机制实现生态环境及其服务功能等量恢复', '建立14个部门协同推进的跨部门协调机制', '完善生态环境损害鉴定评估技术标准体系']""",赔偿义务人不履行赔偿责任的，可申请强制执行；列入失信被执行人名单；财产不足以同时承担赔偿责任和缴纳罚款、罚金时，优先用于承担生态环境损害赔偿责任；相关责任人存在滥用职权等情形的，依纪依法处理，涉嫌犯罪的移送司法机关,是，明确划分中央与地方权责，规定省级、市地级政府作为赔偿权利人，要求地方党委政府负总责并建立工作机制，纳入污染防治攻坚战成效考核，建立重大案件督办和年度报告制度,3,1,7,18,3,1,1,1,预调研/政策文件/41_生态环境损害赔偿管理规定_2022公布.pdf,2022,central,other,13,6448,其他,原生文本,1,1,1,0,0
42,42_国家危险废物名录_2024公布.pdf,0.516,0.516,pdfplumber,,国家危险废物名录（2025年版）,部门规章,中央,强制性,中性,4,过程型,生态环境部、国家发展和改革委员会、公安部、交通运输部、国家卫生健康委员会（联合发布）,"[""命令控制型""]","[""固体废物"", ""固体废物（危险废物）"", ""液态废物"", ""固体废物（包括液态废物）""]","[""全行业（所有产生危险废物的行业）"", ""所有产生危险废物的行业（工业、医疗、科研等）"", ""所有产生危险废物的行业（依据《国民经济行业分类（GB/T 4754-2017）》确定）""]","[""动态调整机制""]","[""中华人民共和国固体废物污染环境防治法"", ""控制危险废物越境转移及其处置巴塞尔公约"", ""国民经济行业分类（GB/T 4754-2017）""]","[""未设定具体数值目标""]","""建立与《巴塞尔公约》对接的废物类别体系；实行豁免管理清单制度简化部分环节管理；建立8位数字编码实现精准溯源管理；设立动态调整机制适应管理需求变化""",（本名录未直接规定，违反名录管理要求将依据《中华人民共和国固体废物污染环境防治法》等相关法律进行处罚）,是，作为危险废物环境管理的技术基础文件，要求各级生态环境主管部门及危险废物产生、收集、贮存、运输、利用、处置单位严格执行，地方需依据本名录开展监管,1,4,3,1,3,1,1,1,预调研/政策文件/42_国家危险废物名录_2024公布.pdf,2024,central,technical_or_catalog,1,1273,技术标准/名录,原生文本,1,0,0,0,0
43,43_建设用地土壤污染风险管控和修复监测技术导则_2019公布.pdf,0.501,0.501,pdfplumber,,中华人民共和国国家环境保护标准 HJ 25.2—2019 建设用地土壤污染风险管控和修复监测技术导则,部门规章/技术标准,中央,强制性,中性,3,过程型,未明确（根据HJ/T系列标准编号推断为生态环境部）,"[""命令控制型""]","[""土壤污染物"", ""地下水污染物"", ""地表水污染物"", ""残余废弃物"", ""环境空气污染物""]","[""涉及建设用地土壤污染风险管控和修复的所有行业（如工业用地、再开发地块等）"", ""建设用地污染调查相关行业"", ""工业"", ""建设用地"", ""污染地块"", ""环保监测"", ""土壤修复"", ""环境检测"", ""地质勘查"", ""建设用地土壤污染状况调查"", ""土壤污染风险评估"", ""风险管控"", ""修复工程"", ""风险管控效果评估"", ""修复效果评估"", ""后期管理"", ""建设用地开发"", ""土壤污染状况调查"", ""环境监测""]","[""质量控制与质量保证"", ""监测报告编制"", ""监测计划制定"", ""监测点位布设"", ""样品采集"", ""样品分析""]","[""中华人民共和国环境保护法"", ""中华人民共和国土壤污染防治法"", ""土壤环境质量 建设用地土壤污染风险管控标准（GB 36600）"", ""建设用地土壤污染状况调查技术导则（HJ 25.1）"", ""污染地块风险管控与土壤修复效果评估技术导则（HJ 25.5）"", ""GB 36600"", ""HJ/T 166"", ""GB 50021"", ""GB 5085"", ""HJ 298"", ""HJ/T 164"", ""HJ/T 91"", ""HJ 493"", ""GB 3095"", ""GB 14554"", ""HJ/T 194"", ""HJ/T 20"", ""GB 36600 土壤环境质量 建设用地土壤污染风险管控标准""]","[""未设定具体数值目标""]","""['首次引入“土壤污染风险管控和修复”术语，替代原“场地”术语', '将“修复工程验收”修改为“修复效果评估”', '增加“深层土壤”修改为“下层土壤”', '完善监测项目和洗井要求，细化土壤垂向采样间隔']""",无直接处罚条款，技术规范违反情形将依据《土壤污染防治法》《环境监测数据弄虚作假行为判定及处理办法》等上位法处理,否，本文件为技术操作规范，规定样品采集、保存、分析等技术流程要求，不涉及央地权责划分与考核问责机制,1,5,19,6,18,1,1,1,预调研/政策文件/43_建设用地土壤污染风险管控和修复监测技术导则_2019公布.pdf,2019,central,technical_or_catalog,15,14775,技术标准/名录,原生文本,1,0,0,0,0
44,44_碳排放权登记管理规则（试⾏）_2021公布.pdf,0.496,0.496,pdfplumber,,碳排放权登记管理规则（试行）,部门规章,中央,强制性,中性,4,过程型,生态环境部,"[""市场机制型""]","[""温室气体""]","[""电力行业"", ""工业"", ""其他重点排放单位（具体行业未在正文中明确限定）"", ""重点排放单位（当前主要为电力行业，未来将逐步覆盖其他高排放行业）"", ""未在原文中明确列举具体行业"", ""重点排放单位""]","[""账户管理制度"", ""监督管理机制"", ""注册登记系统"", ""信息管理制度""]","[""碳排放权交易管理办法（试行）""]","[""未设定具体数值目标""]","""作为全国碳市场首个登记管理规则，明确了碳排放配额归属的最终依据（注册登记系统记录）；建立了配额登记、持有、变更、清缴、注销的全流程管理框架；明确了CCER抵销清缴的登记操作流程。""",对不合格账户采取限制使用等措施；登记主体对限制措施有异议可申请复核。规则本身未规定对排放超标的处罚，处罚依据《碳排放权交易管理办法（试行）》。,是，生态环境部统一监督管理，注册登记机构（湖北碳排放权交易中心）负责具体登记操作。规则为全国统一框架，未明确要求地方制定配套细则。,1,1,6,4,1,1,1,1,预调研/政策文件/44_碳排放权登记管理规则（试⾏）_2021公布.pdf,2021,central,administrative_rule,6,2837,部门规章,原生文本,0,0,0,1,0
45,45_上海市环境保护条例_2022公布.pdf,0.484,0.484,pdfplumber,,上海市环境保护条例（节选第五章至第八章）,地方性法规,省级,强制性,严厉,5,结果型,上海市人民代表大会常务委员会,"[""命令控制型"", ""经济激励型"", ""信息公开型"", ""市场机制型"", ""自愿型""]","[""大气污染物"", ""水污染物"", ""固体废物"", ""噪声"", ""电磁辐射"", ""温室气体"", ""土壤污染物"", ""放射性污染物"", ""光污染""]","[""工业"", ""交通运输"", ""农业"", ""电力"", ""钢铁"", ""核技术利用"", ""建筑业"", ""服务业"", ""公共机构"", ""石油化工"", ""危险废物处置"", ""冶金""]","[""排污许可制度"", ""环评审批"", ""总量控制"", ""目标责任考核"", ""信息公开"", ""目标责任考核与督察"", ""按日连续处罚""]","[""中华人民共和国环境保护法""]","[""未设定具体数值目标""]","""首创环境污染防治协议制度，明确政府与排污单位可签订严于法规标准的排放协议；建立长三角区域生态环境协同保护机制；将碳达峰碳中和纳入地方环保条例；针对光污染制定专门管控措施；实行领导干部自然资源资产离任审计""",对违法转移处置放射源危险废物、证据可能灭失或造成严重污染情形的，可实施查封扣押行政强制措施；未完成环境质量改善目标或重大污染治理任务的，对区政府主要负责人实施约谈并向社会公开；违反污染防治协议约定的按协议承担责任,是，明确市、区两级政府及相关部门职责，要求产业园区管理机构履行环保责任，部分措施（如高污染机动车限行）需报市政府批准，设立目标考核和按日计罚等问责机制,5,9,12,7,1,1,1,1,预调研/政策文件/45_上海市环境保护条例_2022公布.pdf,2022,local,regulation,11,19461,条例/法规,原生文本,1,1,1,1,1
46,46_⼴东省环境保护条例_2018修订.pdf,0.522,0.522,pdfplumber,,广东省环境保护条例（节选第五章、第六章、第七章）,地方性法规,省级,强制性,严厉,4,产出型,广东省人民代表大会常务委员会,"[""命令控制型"", ""信息公开型"", ""自愿型"", ""经济激励型"", ""市场机制型""]","[""大气污染物"", ""水污染物"", ""固体废物"", ""重金属"", ""噪声"", ""综合""]","[""工业"", ""农业"", ""交通运输"", ""建筑施工"", ""危险废物处置"", ""电力"", ""畜禽养殖"", ""服务业"", ""石油化工"", ""饮食服务业"", ""畜禽养殖业""]","[""排污许可制度"", ""环境信用评价"", ""环评审批"", ""信息公开"", ""环境影响评价制度"", ""按日连续处罚""]","[""中华人民共和国环境保护法"", ""中华人民共和国治安管理处罚法""]","[""未设定具体数值目标""]","""首次在地方性法规中建立跨行政区划环境资源审判制度（第十九条）；实行自然资源资产离任审计和生态环境损害责任终身追究制（第六条）；建立区域联合防治协调机制和环境信息共享机制（第七条）；划定生态保护红线并实施严格保护（第四十五条）；对印染、电镀等重污染行业实行工业园区统一规划定点管理（第三十一条，原文未显示）""",对土壤污染严重且难以修复的场地可限制生产、排放或停产（第三十八条）；在大气重污染应急期间可责令企业停产限产（第四十三条）；对造成地下水严重污染的企业可责令停业、关闭（第三十二条，原文未显示）；对拒不改正的违法行为可依法实施按日连续处罚（依据《环境保护法》及本条例相关规定）,是，明确划分省、地级以上市、县、乡镇及街道办事处的环境保护职责，实行环境质量领导责任制和环境保护目标责任制，上级政府向下级政府下达年度环境保护目标并考核，建立区域联合防治协调机制和跨部门联动机制,5,6,11,6,2,1,1,1,预调研/政策文件/46_⼴东省环境保护条例_2018修订.pdf,2018,local,regulation,30,17514,条例/法规,原生文本,1,1,1,1,1
47,47_河北省大气污染防治条例_2021公布.pdf,0.509,0.509,pdfplumber,,河北省大气污染防治条例（2021年修正）,地方性法规,省级,强制性,严厉,5,结果型,河北省人民代表大会（河北省第十二届人民代表大会第四次会议通过，河北省第十三届人民代表大会常务委员会第二十五次会议修正）,"[""命令控制型"", ""经济激励型"", ""信息公开型""]","[""大气污染物""]","[""交通运输"", ""建筑施工"", ""工业"", ""电力"", ""农业"", ""餐饮服务""]","[""目标责任考核"", ""区域联防联控"", ""排污许可制度""]","[""中华人民共和国大气污染防治法"", ""中华人民共和国民法典""]","[""未设定具体数值目标""]","""明确按日连续处罚的具体适用情形（第七十八条、第八十四条）；规定重点区域联合防治；建立大气环境承载能力监测预警机制（第十三条）；推行第三方治理制度（第十九条）；提出煤炭消费负增长目标（第二十二条）；对产能过剩行业实行阶梯排污收费、差别信贷等（第三十条）。""",对政府人员追责情形包括盲目决策、处置不力、违规发证等（第七十七条）。对无证排污、超标超总量排污、偷排等行为，责令改正/停产整治，处10-100万元罚款，并可实施按日连续处罚（第七十八条）。对破坏监测设备、未安装联网监测设备、数据造假等行为，处2-20万元罚款（第七十九条）。对销售使用不合格煤炭、燃料等行为，没收并处罚款（第八十条、第八十一条等）。对VOCs无组织排放、露天喷涂等行为，处2-20万元罚款（第八十三条）。对未采取有效措施防治扬尘的，处1-10万元罚款，并可实施按日连续处罚（第八十四条）。对机动车排放不合格上路、露天焚烧、违规烧烤、违规建设餐饮项目等均有相应罚款规定（第八十六条至第九十条）。,是，明确划分各级政府职责，省政府制定考核奖惩办法，对各设区的市、县(市、区)大气环境质量改善目标、大气污染防治重点任务完成情况实施考核，要求地方政府制定配套实施细则,3,1,6,3,2,1,1,1,预调研/政策文件/47_河北省大气污染防治条例_2021公布.pdf,2021,local,regulation,17,28434,条例/法规,原生文本,1,1,1,0,0
48,48_浙江省生态环境保护条例_2022公布.pdf,0.647,0.647,pdfplumber,,浙江省生态环境保护条例,地方性法规,省级,强制性,严厉,5,结果型,浙江省第十三届人民代表大会常务委员会,"[""命令控制型"", ""经济激励型"", ""信息公开型"", ""市场机制型"", ""自愿型""]","[""大气污染物"", ""水污染物"", ""土壤污染物"", ""海洋污染物"", ""固体废物"", ""噪声"", ""放射性污染物"", ""温室气体"", ""综合""]","[""工业"", ""农业"", ""服务业""]","[""排污许可制度"", ""目标责任考核"", ""环评审批"", ""总量控制"", ""生态环境损害赔偿""]","[""中华人民共和国环境保护法"", ""中华人民共和国环境影响评价法"", ""规划环境影响评价条例"", ""中华人民共和国大气污染防治法"", ""中华人民共和国水污染防治法"", ""中华人民共和国土壤污染防治法"", ""中华人民共和国海洋环境保护法""]","[""未设定具体数值目标""]","""首次建立生态产品价值实现专章，涵盖价值核算、经营管理平台、生态产品权益质押融资、山海协作等机制；建立规划环境影响评价与建设项目环境影响评价联动机制；建立环境污染防治协议制度；建立陆海统筹的生态环境治理制度""",生态环境服务机构弄虚作假处5万-50万元罚款；室外灯光广告不符合要求处2万-5万元罚款；出租人拒不改正对个人处500-5000元、对单位处5000-2万元罚款；违法排放污染物等可按日连续处罚,是，明确划分省、市、县、乡镇各级政府及街道职责，要求建立生态环境保护协调机制，设立目标考核、环保督察、约谈、问责及领导干部自然资源资产离任审计制度,5,9,3,5,7,1,1,1,预调研/政策文件/48_浙江省生态环境保护条例_2022公布.pdf,2022,local,regulation,6,12342,条例/法规,原生文本,1,1,1,1,1
49,49_深圳经济特区生态环境保护条例_2021公布.pdf,0.606,0.606,pdfplumber,,深圳市生态环境保护条例（节选第三章至第六章）,地方性法规,市级,强制性,严厉,5,结果型,深圳市人民代表大会常务委员会（推断）,"[""命令控制型"", ""经济激励型"", ""市场机制型"", ""信息公开型"", ""自愿型""]","[""水污染物"", ""大气污染物"", ""海洋污染物"", ""固体废物"", ""温室气体"", ""噪声""]","[""工业"", ""交通运输"", ""建筑施工""]","[""排污许可制度""]","[""中华人民共和国固体废物污染环境防治法""]","[""未设定具体数值目标""]","""全国首个将‘碳排放达峰和碳中和’纳入立法的综合性生态环境保护地方性法规；创新建立区域空间生态环境评价分类管理制度，优化建设项目环评；率先建立生态系统生产总值核算体系；专章规定生物多样性保护，建立重点保护物种补充名录和重要自然栖息地保护补充清单""",条例设‘法律责任’专章，具体罚则依据相关法律、行政法规执行；对违反生态保护红线管控、擅自引进释放丢弃外来物种等行为明确了禁止性规定和相应责任,是，明确市、区两级政府职责，要求建立稳定的财政投入机制，设立生态文明建设目标考核体系，考核结果作为奖惩、任免依据,5,6,3,1,1,1,1,1,预调研/政策文件/49_深圳经济特区生态环境保护条例_2021公布.pdf,2021,local,regulation,10,20779,条例/法规,原生文本,1,1,1,1,1
50,50_江苏省生态环境监测条例_2020发布.pdf,0.67,0.67,pdfplumber,,江苏省生态环境监测条例,地方性法规,省级,强制性,严厉,4,过程型,江苏省人民代表大会常务委员会,"[""命令控制型"", ""信息公开型""]","[""综合""]","[""重点排污单位"", ""生态环境监测机构"", ""工业""]","[""监测数据管理平台"", ""质量管理体系"", ""监督检查"", ""信用监管"", ""应急监测联动机制"", ""资质认定与监管"", ""数据共享平台"", ""联合监管与信用分类"", ""应急监测联动"", ""公众监督与举报"", ""排污许可制度"", ""检验检测机构资质认定"", ""数据共享机制"", ""联合监管机制"", ""举报制度""]","[""中华人民共和国环境保护法""]","[""未设定具体数值目标""]","""明确自动监测数据经审核后可作为监管执法事实依据；建立生态环境监测数据共享机制和一体化信息平台；建立生态环境监测设施保护范围制度；建立生态环境监测机构信用分类监管制度""",侵占损毁监测设施处2-20万元罚款；擅自移动界桩标识牌处200-2000元罚款；在保护范围内从事禁止活动处1-10万元罚款；篡改伪造数据或出具虚假报告对机构没收违法所得并处10-50万元罚款，对个人给予警告并处1-5万元罚款；政府及部门人员干扰监测或篡改伪造数据的依法给予处分,是，明确划分省、设区的市、县（市、区）各级政府及生态环境、自然资源、住建、交通、水利、农业农村、气象等部门职责，要求将生态环境监测工作纳入国民经济和社会发展规划，经费纳入财政预算，并向人大报告,2,1,3,15,1,1,1,1,预调研/政策文件/50_江苏省生态环境监测条例_2020发布.pdf,2020,local,regulation,6,6187,条例/法规,原生文本,1,1,0,0,0
